{
  "accuracy": 0.9026548672566371,
  "precision_macro": 0.7541910331384015,
  "recall_macro": 0.8674897119341564,
  "f1_macro": 0.7882991271526304,
  "precision_weighted": 0.9280391243595715,
  "recall_weighted": 0.9026548672566371,
  "f1_weighted": 0.9117111023429721,
  "balanced_accuracy": 0.8674897119341564,
  "mcc": 0.791805311916245,
  "roc_auc_ovr": 0.9806333141927457
}